protocol,fqdn_avg_token_length,domain_name,record_type,fqdn_token_count,url_contain_soft,url_at_count,url_cf_count,is_IP,domain_city_by_name,url_contain_banking,IPs,url_contain_upro,url_com_count,url_ve_count,url_gq_count,url_params_length,url_contain_ultimatesoftware,fqdn_largest_token_size,url_top_count,url_fragment,url_entropy,domain_area_code_by_name,url_query,url_dash_count,url_pw_count,url_es_count,domain_TTL,url_contain_pro,url_params,url_contain_secure,url_path_avg_token_length,url_path_levenshtein_distance,url_gov_count,url_levenshtein_distance_ultipro.com,url_path_depth,url_contain_ultihome,page_is_Alexa_top1m,url_path_token_count,fqdn_length,url_path_length,url_info_count,url_contain_sw,url_length,domain_country_code_by_name,IP_count,url_tk_count,url_hu_count,subdomain_count,fqdn,url_non_alphabet_count,url_avg_token_length,url_contain_confirm,url_ga_count,url_org_count,url_www_count,url_kr_count,url_plus_count,domain_TTL_in_days,fqdn_levenshtein_distance_ultimatesoftware,domain_expiration_date,url_contain_signin,domain_country_name_by_name_2,domain_active_time,url_http_count,url_domain,url_contain_login,domain_current_date,domain_continent_by_name,domain_last_updated,is_https,domain_registrar,domain_country_name_by_name,fqdn_levenshtein_distance_ultipro.com,domain_asn_no_by_name,url_it_count,url_contain_ulti,url_contain_software,domain_creation_date,page_global_rank,url_dot_count,url_cn_count,domain_country_code_by_name_2,url_query_length,url_net_count,domain_time_zone_by_name,url_cc_count,url_TLD,page_country_rank,is_http,url_digit_count,url_query_argument_count,url_contain_ultipro,url_levenshtein_distance_ultimatesoftware,url_token_count,url_edu_count,url_contain_account,domain_asn_by_name,url_alphabet_count,url_path,url_largest_token_size,domain_active_days,url,url_path_largest_token_size,domain_city_country_code_by_name,url_path_len_and_hostname_len_ratio,domain_region_code_by_name,is_dotcom,url_ml_count
-1,7.142857142857143,"https://servidor2202.el.controladordns.com/~educac14/signin/",domain,7,0,0,0,0,-1,0,[],0,1,0,0,-1,0,14,0,53,-1,4.4390370349450006,-1,-1,0,0,0,-1,0,-1,0,-1,-1,53,-1,0,1,-1,61,-1,0,61,-1,0,0,0,3,"https://servidor2202.el.controladordns.com/~educac14/signin/",11,7.142857142857143,0,0,0,0,0,0,-1,-1,1,-1,-1,1,0,"https://servidor2202.el.controladordns.com/~educac14/signin/",0,2017-11-29 15:16:38.287668,-1,-1,-1,-1,-1,-1,0,0,0,-1,299245,3,0,-1,-1,0,-1,0,"com/~educac14/signin/",4311,-1,6,-1,0,0,7,0,0,-1,44,-1,14,-1,"https://servidor2202.el.controladordns.com/~educac14/signin/",-1,-1,-1,-1,0,0
-1,4.730769230769231,"http://payment-supp-port-gear-best-with-elect-ron-sho-pu-pd-ate-info.rma.tio-nrec-ipe-dis-pu.te.gearbestwithjavastoreelectron.com/webapps/bc825/websrc",domain,26,0,0,0,0,-1,0,[],0,1,0,0,-1,0,29,0,140,-1,4.3983124966924585,-1,-1,16,0,0,-1,0,-1,0,-1,-1,140,-1,0,-1,-1,151,-1,0,151,-1,0,0,0,5,"http://payment-supp-port-gear-best-with-elect-ron-sho-pu-pd-ate-info.rma.tio-nrec-ipe-dis-pu.te.gearbestwithjavastoreelectron.com/webapps/bc825/websrc",28,4.730769230769231,0,0,0,0,0,0,-1,-1,0,-1,-1,1,0,"http://payment-supp-port-gear-best-with-elect-ron-sho-pu-pd-ate-info.rma.tio-nrec-ipe-dis-pu.te.gearbestwithjavastoreelectron.com/webapps/bc825/websrc",0,2017-11-29 15:18:38.826863,-1,-1,-1,-1,-1,-1,0,0,0,-1,-1,5,0,-1,-1,0,-1,0,"com/webapps/bc825/websrc",-1,-1,3,-1,0,0,26,0,0,-1,120,-1,29,-1,"http://payment-supp-port-gear-best-with-elect-ron-sho-pu-pd-ate-info.rma.tio-nrec-ipe-dis-pu.te.gearbestwithjavastoreelectron.com/webapps/bc825/websrc",-1,-1,-1,-1,0,0
-1,4.625,"http://yarkin.com.ua/bank/secure/ppl/myaccount",domain,8,0,0,0,0,-1,0,[],0,1,0,0,-1,0,9,0,41,-1,4.1816244896993222,-1,-1,0,0,0,-1,0,-1,1,-1,-1,41,-1,0,-1,-1,47,-1,0,47,-1,0,0,0,2,"http://yarkin.com.ua/bank/secure/ppl/myaccount",10,4.625,0,0,0,0,0,0,-1,-1,0,-1,-1,1,0,"http://yarkin.com.ua/bank/secure/ppl/myaccount",0,2017-11-29 15:18:39.352578,-1,-1,-1,-1,-1,-1,0,0,0,-1,-1,2,0,-1,-1,0,-1,0,"ua/bank/secure/ppl/myaccount",-1,-1,0,-1,0,0,8,0,1,-1,37,-1,9,-1,"http://yarkin.com.ua/bank/secure/ppl/myaccount",-1,-1,-1,-1,0,0
-1,5.8,"https://www.shoppingmoney.in/update/",domain,5,0,0,0,0,-1,0,[],0,0,0,0,-1,0,13,0,33,-1,4.0671651897778585,-1,-1,0,0,0,-1,0,-1,0,-1,-1,33,-1,0,1,-1,37,-1,0,37,-1,0,0,0,2,"https://www.shoppingmoney.in/update/",8,5.8,0,0,0,1,0,0,-1,-1,0,-1,-1,1,0,"https://www.shoppingmoney.in/update/",0,2017-11-29 15:20:40.358972,-1,-1,-1,-1,-1,-1,0,0,0,-1,815023,2,0,-1,-1,0,-1,0,"in/update/",45347,-1,0,-1,0,0,5,0,0,-1,29,-1,13,-1,"https://www.shoppingmoney.in/update/",-1,-1,-1,-1,0,0
-1,9.0,"http://pqypalautherizatiion.com/",domain,3,0,0,0,0,-1,0,[],0,1,0,0,-1,0,20,0,25,-1,4.1044077554598521,-1,-1,0,0,0,-1,0,-1,0,-1,-1,25,-1,0,-1,-1,33,-1,0,33,-1,0,0,0,1,"http://pqypalautherizatiion.com/",6,9.0,0,0,0,0,0,0,-1,-1,0,-1,-1,1,0,"http://pqypalautherizatiion.com/",0,2017-11-29 15:22:40.895839,-1,-1,-1,-1,-1,-1,0,0,0,-1,-1,1,0,-1,-1,0,-1,0,"com/",-1,-1,0,-1,0,0,3,0,0,-1,27,-1,20,-1,"http://pqypalautherizatiion.com/",-1,-1,-1,-1,0,0
-1,12.35,"http://postesecurelogin.posta.it.bancaposta.foo-autenticazione.xovkqsa0v74z8uaxd3vs8bx2jhfhtquxbfnj6mf2fvy1vmto8lmzri8wgqca.iamuiemulta.for-our.info/hescientiststravelled/ontworesearchvessels/almostkilometresfrom/ichangtothenearbyhree/loginfilea/foo-autenticazione.php",domain,20,0,0,0,0,-1,0,[],0,0,0,0,-1,0,60,0,258,-1,4.7256267540255754,-1,-1,3,0,0,-1,0,-1,1,-1,-1,258,-1,0,-1,-1,269,-1,1,269,-1,0,0,0,9,"http://postesecurelogin.posta.it.bancaposta.foo-autenticazione.xovkqsa0v74z8uaxd3vs8bx2jhfhtquxbfnj6mf2fvy1vmto8lmzri8wgqca.iamuiemulta.for-our.info/hescientiststravelled/ontworesearchvessels/almostkilometresfrom/ichangtothenearbyhree/loginfilea/foo-autenticazione.php",22,12.35,0,0,0,0,0,0,-1,-1,0,-1,-1,1,0,"http://postesecurelogin.posta.it.bancaposta.foo-autenticazione.xovkqsa0v74z8uaxd3vs8bx2jhfhtquxbfnj6mf2fvy1vmto8lmzri8wgqca.iamuiemulta.for-our.info/hescientiststravelled/ontworesearchvessels/almostkilometresfrom/ichangtothenearbyhree/loginfilea/foo-autenticazione.php",1,2017-11-29 15:34:27.808377,-1,-1,-1,-1,-1,-1,1,0,0,-1,-1,9,0,-1,-1,0,-1,0,"php",-1,-1,12,-1,0,0,20,0,0,-1,235,-1,60,-1,"http://postesecurelogin.posta.it.bancaposta.foo-autenticazione.xovkqsa0v74z8uaxd3vs8bx2jhfhtquxbfnj6mf2fvy1vmto8lmzri8wgqca.iamuiemulta.for-our.info/hescientiststravelled/ontworesearchvessels/almostkilometresfrom/ichangtothenearbyhree/loginfilea/foo-autenticazione.php",-1,-1,-1,-1,0,0
-1,5.4,"http://www.vibratech.vibratech.ba",domain,5,0,0,0,0,-1,0,[],0,0,0,0,-1,0,9,0,29,-1,3.7999793850498294,-1,-1,0,0,0,-1,0,-1,0,-1,-1,29,-1,0,-1,-1,34,-1,0,34,-1,0,0,0,3,"http://www.vibratech.vibratech.ba",7,5.4,0,0,0,1,0,0,-1,-1,0,-1,-1,1,0,"http://www.vibratech.vibratech.ba",0,2017-11-29 15:34:28.342669,-1,-1,-1,-1,-1,-1,0,0,0,-1,-1,3,0,-1,-1,0,-1,0,"ba",-1,-1,0,-1,0,0,5,0,0,-1,27,-1,9,-1,"http://www.vibratech.vibratech.ba",-1,-1,-1,-1,0,0
-1,5.444444444444445,"http://monopolypg.com/wp-content/dropbox2016/Home/index.php",domain,9,0,0,0,0,-1,0,[],0,1,0,0,-1,0,11,0,54,-1,4.3290400212242339,-1,-1,1,0,0,-1,0,-1,0,-1,-1,54,-1,0,-1,-1,60,-1,0,60,-1,0,0,0,2,"http://monopolypg.com/wp-content/dropbox2016/Home/index.php",11,5.444444444444445,0,0,0,0,0,0,-1,-1,0,-1,-1,1,0,"http://monopolypg.com/wp-content/dropbox2016/Home/index.php",0,2017-11-29 15:36:28.900343,-1,-1,-1,-1,-1,-1,0,0,0,-1,-1,2,0,-1,-1,0,-1,0,"php",-1,-1,4,-1,0,0,9,0,0,-1,45,-1,11,-1,"http://monopolypg.com/wp-content/dropbox2016/Home/index.php",-1,-1,-1,-1,0,0
-1,4.0,"http://bit.ly/2mHdwIX",domain,4,0,0,0,0,-1,0,[],0,0,0,0,-1,0,7,0,19,-1,4.027169118440618,-1,-1,0,0,0,-1,0,-1,0,-1,-1,19,-1,0,1,-1,22,-1,0,22,-1,0,0,0,1,"http://bit.ly/2mHdwIX",6,4.0,0,0,0,0,0,0,-1,-1,0,-1,-1,1,0,"http://bit.ly/2mHdwIX",0,2017-11-29 15:38:29.934229,-1,-1,-1,-1,-1,-1,0,0,0,-1,10571,1,0,-1,-1,0,-1,0,"ly/2mHdwIX",12179,-1,1,-1,0,0,4,0,0,-1,15,-1,7,-1,"http://bit.ly/2mHdwIX",-1,-1,-1,-1,0,0
-1,7.0,"http://secretchocolaterecipes.com/chasebank/www.chase.com/",domain,7,0,0,0,0,-1,0,[],0,2,0,0,-1,0,22,0,50,-1,4.0051701691386725,-1,-1,0,0,0,-1,0,-1,0,-1,-1,50,-1,0,-1,-1,59,-1,0,59,-1,0,0,0,3,"http://secretchocolaterecipes.com/chasebank/www.chase.com/",10,7.0,0,0,0,1,0,0,-1,-1,0,-1,-1,1,0,"http://secretchocolaterecipes.com/chasebank/www.chase.com/",0,2017-11-29 15:40:30.872749,-1,-1,-1,-1,-1,-1,0,0,0,-1,-1,3,0,-1,-1,0,-1,0,"com/",-1,-1,0,-1,0,0,7,0,0,-1,49,-1,22,-1,"http://secretchocolaterecipes.com/chasebank/www.chase.com/",-1,-1,-1,-1,0,0
-1,6.0,"http://rajasreecorporation.com/slider/tax/Aol.html",domain,7,0,0,0,0,-1,0,[],0,1,0,0,-1,0,19,0,43,-1,4.1440265791857271,-1,-1,0,0,0,-1,0,-1,0,-1,-1,43,-1,0,-1,-1,51,-1,0,51,-1,0,0,0,2,"http://rajasreecorporation.com/slider/tax/Aol.html",9,6.0,0,0,0,0,0,0,-1,-1,0,-1,-1,1,0,"http://rajasreecorporation.com/slider/tax/Aol.html",0,2017-11-29 15:42:31.498453,-1,-1,-1,-1,-1,-1,0,0,0,-1,-1,2,0,-1,-1,0,-1,0,"html",-1,-1,0,-1,0,0,7,0,0,-1,42,-1,19,-1,"http://rajasreecorporation.com/slider/tax/Aol.html",-1,-1,-1,-1,0,0
-1,8.166666666666666,"http://www.cash4files.com/Ab8J2?6T7YU8r6t7dysa56t7yuidsa?",domain,6,0,0,0,0,-1,0,[],0,1,0,0,-1,0,24,0,52,-1,4.8963527621824454,-1,-1,0,0,0,-1,0,-1,0,-1,-1,52,-1,0,1,-1,58,-1,0,58,-1,0,0,0,2,"http://www.cash4files.com/Ab8J2?6T7YU8r6t7dysa56t7yuidsa?",9,8.166666666666666,0,0,0,1,0,0,-1,-1,0,-1,-1,1,0,"http://www.cash4files.com/Ab8J2?6T7YU8r6t7dysa56t7yuidsa?",0,2017-11-29 15:44:32.536043,-1,-1,-1,-1,-1,-1,0,0,0,-1,867671,2,0,-1,-1,0,-1,0,"com/Ab8J2?6T7YU8r6t7dysa56t7yuidsa?",-1,-1,11,-1,0,0,6,0,0,-1,38,-1,24,-1,"http://www.cash4files.com/Ab8J2?6T7YU8r6t7dysa56t7yuidsa?",-1,-1,-1,-1,0,0
-1,5.769230769230769,"http://your-dns-is-broken-let-me-help.www.linkbucksdns.com/Ab8J2?6T7YU8r6t7dysa56t7yuidsa?",domain,13,0,0,0,0,-1,0,[],0,1,0,0,-1,0,24,0,83,-1,4.9424899367787427,-1,-1,6,0,0,-1,0,-1,0,-1,-1,83,-1,0,1,-1,91,-1,0,91,-1,0,0,0,3,"http://your-dns-is-broken-let-me-help.www.linkbucksdns.com/Ab8J2?6T7YU8r6t7dysa56t7yuidsa?",16,5.769230769230769,0,0,0,1,0,0,-1,-1,0,-1,-1,1,0,"http://your-dns-is-broken-let-me-help.www.linkbucksdns.com/Ab8J2?6T7YU8r6t7dysa56t7yuidsa?",0,2017-11-29 15:46:33.370098,-1,-1,-1,-1,-1,-1,0,0,0,-1,634710,3,0,-1,-1,0,-1,0,"com/Ab8J2?6T7YU8r6t7dysa56t7yuidsa?",439032,-1,10,-1,0,0,13,0,0,-1,65,-1,24,-1,"http://your-dns-is-broken-let-me-help.www.linkbucksdns.com/Ab8J2?6T7YU8r6t7dysa56t7yuidsa?",-1,-1,-1,-1,0,0
-1,9.588235294117647,"https://explorando-peru.com/wp-includes/js/Update-Paypal-information/websc-login.php?Go=_Restore_Start&_Acess_Tooken=a0ba6102294907755e0468161350eb4aa0ba6102294907755e0468161350eb4a",domain,17,0,0,0,0,-1,0,[],0,1,0,0,-1,0,64,0,173,-1,5.1698316945806901,-1,-1,5,0,0,-1,0,-1,0,-1,-1,173,-1,0,-1,-1,182,-1,0,182,-1,0,0,0,2,"https://explorando-peru.com/wp-includes/js/Update-Paypal-information/websc-login.php?Go=_Restore_Start&_Acess_Tooken=a0ba6102294907755e0468161350eb4aa0ba6102294907755e0468161350eb4a",23,9.588235294117647,0,0,0,0,0,0,-1,-1,0,-1,-1,1,0,"https://explorando-peru.com/wp-includes/js/Update-Paypal-information/websc-login.php?Go=_Restore_Start&_Acess_Tooken=a0ba6102294907755e0468161350eb4aa0ba6102294907755e0468161350eb4a",1,2017-11-29 15:48:34.510160,-1,-1,-1,-1,-1,-1,0,0,0,-1,-1,2,0,-1,-1,0,-1,0,"php?Go=_Restore_Start&_Acess_Tooken=a0ba6102294907755e0468161350eb4aa0ba6102294907755e0468161350eb4a",-1,-1,50,-1,0,0,17,0,0,-1,109,-1,64,-1,"https://explorando-peru.com/wp-includes/js/Update-Paypal-information/websc-login.php?Go=_Restore_Start&_Acess_Tooken=a0ba6102294907755e0468161350eb4aa0ba6102294907755e0468161350eb4a",-1,-1,-1,-1,0,0
-1,7.125,"https://updateandresolve.jakrapp.me/statement/webapps/e11ac/websrc",domain,8,0,0,0,0,-1,0,[],0,0,0,0,-1,0,16,0,61,-1,4.16945243736874,-1,-1,0,0,0,-1,0,-1,0,-1,-1,61,-1,0,-1,-1,67,-1,0,67,-1,0,0,0,2,"https://updateandresolve.jakrapp.me/statement/webapps/e11ac/websrc",10,7.125,0,0,0,0,0,0,-1,-1,0,-1,-1,1,0,"https://updateandresolve.jakrapp.me/statement/webapps/e11ac/websrc",0,2017-11-29 15:48:35.124444,-1,-1,-1,-1,-1,-1,0,0,0,-1,-1,2,0,-1,-1,0,-1,0,"me/statement/webapps/e11ac/websrc",-1,-1,2,-1,0,0,8,0,0,-1,55,-1,16,-1,"https://updateandresolve.jakrapp.me/statement/webapps/e11ac/websrc",-1,-1,-1,-1,0,0
-1,4.3,"http://www.paypal.com.cgis.usa.cc/webapps/cb5dc/websrc",domain,10,0,0,0,0,-1,0,[],0,1,0,0,-1,0,7,0,49,-1,4.1296336434462235,-1,-1,0,0,0,-1,0,-1,0,-1,-1,49,-1,0,1,-1,55,-1,0,55,-1,0,0,0,5,"http://www.paypal.com.cgis.usa.cc/webapps/cb5dc/websrc",12,4.3,0,0,0,1,0,0,-1,-1,0,-1,-1,1,0,"http://www.paypal.com.cgis.usa.cc/webapps/cb5dc/websrc",0,2017-11-29 15:50:35.914949,-1,-1,-1,-1,-1,-1,0,0,0,-1,88405,5,0,-1,-1,0,-1,1,"cc/webapps/cb5dc/websrc",30778,-1,1,-1,0,0,10,0,0,-1,42,-1,7,-1,"http://www.paypal.com.cgis.usa.cc/webapps/cb5dc/websrc",-1,-1,-1,-1,0,0
-1,4.166666666666667,"http://inarc.in/comma/indexx.htm",domain,6,0,0,0,0,-1,0,[],0,0,0,0,-1,0,6,0,26,-1,3.9225895736416696,-1,-1,0,0,0,-1,0,-1,0,-1,-1,26,-1,0,-1,-1,33,-1,0,33,-1,0,0,0,2,"http://inarc.in/comma/indexx.htm",8,4.166666666666667,0,0,0,0,0,0,-1,-1,0,-1,-1,1,0,"http://inarc.in/comma/indexx.htm",0,2017-11-29 15:52:37.097762,-1,-1,-1,-1,-1,-1,0,0,0,-1,-1,2,0,-1,-1,0,-1,0,"htm",-1,-1,0,-1,0,0,6,0,0,-1,25,-1,6,-1,"http://inarc.in/comma/indexx.htm",-1,-1,-1,-1,0,0
-1,5.5,"http://ahmetyigitnakliyat.com.tr/don.php",domain,6,0,0,0,0,-1,0,[],0,1,0,0,-1,0,18,0,35,-1,4.0883056627325294,-1,-1,0,0,0,-1,0,-1,0,-1,-1,35,-1,0,1,-1,41,-1,0,41,-1,0,0,0,3,"http://ahmetyigitnakliyat.com.tr/don.php",8,5.5,0,0,0,0,0,0,-1,-1,0,-1,-1,1,0,"http://ahmetyigitnakliyat.com.tr/don.php",0,2017-11-29 15:54:38.326181,-1,-1,-1,-1,-1,-1,0,0,0,-1,16432556,3,0,-1,-1,0,-1,0,"php",-1,-1,0,-1,0,0,6,0,0,-1,33,-1,18,-1,"http://ahmetyigitnakliyat.com.tr/don.php",-1,-1,-1,-1,0,0
-1,6.5,"http://support-paypalinc.log.verfnwyraccnt.com/",domain,6,0,0,0,0,-1,0,[],0,1,1,0,-1,0,13,0,40,-1,4.3320673863999559,-1,-1,1,0,0,-1,0,-1,0,-1,-1,40,-1,0,-1,-1,48,-1,0,48,-1,0,0,0,3,"http://support-paypalinc.log.verfnwyraccnt.com/",9,6.5,0,0,0,0,0,0,-1,-1,0,-1,-1,1,0,"http://support-paypalinc.log.verfnwyraccnt.com/",0,2017-11-29 15:56:39.379593,-1,-1,-1,-1,-1,-1,0,0,0,-1,-1,3,0,-1,-1,0,-1,0,"com/",-1,-1,0,-1,0,0,6,0,0,-1,39,-1,13,-1,"http://support-paypalinc.log.verfnwyraccnt.com/",-1,-1,-1,-1,0,0
-1,5.222222222222222,"https://signin.paypal.com-serve.info/webapps/bd83d/websrc",domain,9,0,0,0,0,-1,0,[],0,1,0,0,-1,0,7,0,51,-1,4.5027506686770922,-1,-1,1,0,0,-1,0,-1,0,-1,-1,51,-1,0,-1,-1,58,-1,1,58,-1,0,0,0,3,"https://signin.paypal.com-serve.info/webapps/bd83d/websrc",11,5.222222222222222,0,0,0,0,0,0,-1,-1,1,-1,-1,1,0,"https://signin.paypal.com-serve.info/webapps/bd83d/websrc",0,2017-11-29 15:58:40.825032,-1,-1,-1,-1,-1,-1,0,0,0,-1,-1,3,0,-1,-1,0,-1,0,"info/webapps/bd83d/websrc",-1,-1,2,-1,0,0,9,0,0,-1,45,-1,7,-1,"https://signin.paypal.com-serve.info/webapps/bd83d/websrc",-1,-1,-1,-1,0,0
-1,5.666666666666667,"http://wstar7indonesia.com/only/index.htm",domain,6,0,0,0,0,-1,0,[],0,1,0,0,-1,0,15,0,35,-1,4.261132303628119,-1,-1,0,0,0,-1,0,-1,0,-1,-1,35,-1,0,-1,-1,42,-1,0,42,-1,0,0,0,2,"http://wstar7indonesia.com/only/index.htm",8,5.666666666666667,0,0,0,0,0,0,-1,-1,0,-1,-1,1,0,"http://wstar7indonesia.com/only/index.htm",0,2017-11-29 16:00:42.170001,-1,-1,-1,-1,-1,-1,0,0,0,-1,-1,2,0,-1,-1,0,-1,0,"htm",-1,-1,1,-1,0,0,6,0,0,-1,33,-1,15,-1,"http://wstar7indonesia.com/only/index.htm",-1,-1,-1,-1,0,0
-1,4.785714285714286,"http://paypal-login-fr.wordofdaf.cf/update/myaccount/signin/?country.x=&locale.x=en_",domain,14,0,0,1,0,-1,0,[],0,0,0,0,-1,0,9,0,78,-1,4.6001238069710881,-1,-1,2,0,0,-1,0,-1,0,-1,-1,78,-1,0,-1,-1,85,-1,0,85,-1,0,0,0,4,"http://paypal-login-fr.wordofdaf.cf/update/myaccount/signin/?country.x=&locale.x=en_",19,4.785714285714286,0,0,0,0,0,0,-1,-1,1,-1,-1,1,0,"http://paypal-login-fr.wordofdaf.cf/update/myaccount/signin/?country.x=&locale.x=en_",1,2017-11-29 16:02:43.411468,-1,-1,-1,-1,-1,-1,0,0,0,-1,-1,4,0,-1,-1,0,-1,0,"x=en_",-1,-1,0,-1,0,0,14,0,1,-1,66,-1,9,-1,"http://paypal-login-fr.wordofdaf.cf/update/myaccount/signin/?country.x=&locale.x=en_",-1,-1,-1,-1,0,0
-1,4.8,"http://www.kurmimatrimony.org/a0l.login/aol/auto/index.html",domain,10,0,0,0,0,-1,0,[],0,0,0,0,-1,0,14,0,53,-1,4.256995287947003,-1,-1,0,0,0,-1,0,-1,0,-1,-1,53,-1,0,-1,-1,60,-1,0,60,-1,0,0,0,4,"http://www.kurmimatrimony.org/a0l.login/aol/auto/index.html",12,4.8,0,0,1,1,0,0,-1,-1,0,-1,-1,1,0,"http://www.kurmimatrimony.org/a0l.login/aol/auto/index.html",1,2017-11-29 16:04:44.402618,-1,-1,-1,-1,-1,-1,0,0,0,-1,-1,4,0,-1,-1,0,-1,0,"html",-1,-1,1,-1,0,0,10,0,0,-1,47,-1,14,-1,"http://www.kurmimatrimony.org/a0l.login/aol/auto/index.html",-1,-1,-1,-1,0,0
-1,11.0,"http://postesecurelogin.randomstring.iamuiemulta.for-our.info/hescientiststravelled/ontworesearchvessels/almostkilometresfrom/ichangtothenearbyhree/loginfilea/foo-autenticazione.php",domain,15,0,0,0,0,-1,0,[],0,0,0,0,-1,0,21,0,172,-1,4.3142590185223106,-1,-1,2,0,0,-1,0,-1,1,-1,-1,172,-1,0,-1,-1,182,-1,1,182,-1,0,0,0,5,"http://postesecurelogin.randomstring.iamuiemulta.for-our.info/hescientiststravelled/ontworesearchvessels/almostkilometresfrom/ichangtothenearbyhree/loginfilea/foo-autenticazione.php",17,11.0,0,0,0,0,0,0,-1,-1,0,-1,-1,1,0,"http://postesecurelogin.randomstring.iamuiemulta.for-our.info/hescientiststravelled/ontworesearchvessels/almostkilometresfrom/ichangtothenearbyhree/loginfilea/foo-autenticazione.php",1,2017-11-29 16:07:15.608349,-1,-1,-1,-1,-1,-1,0,0,0,-1,-1,5,0,-1,-1,0,-1,0,"php",-1,-1,0,-1,0,0,15,0,0,-1,165,-1,21,-1,"http://postesecurelogin.randomstring.iamuiemulta.for-our.info/hescientiststravelled/ontworesearchvessels/almostkilometresfrom/ichangtothenearbyhree/loginfilea/foo-autenticazione.php",-1,-1,-1,-1,0,0
-1,7.25,"http://davidcourtemarche.com/image/",domain,4,0,0,0,0,-1,0,[],0,1,0,0,-1,0,17,0,29,-1,4.0095239594751639,-1,-1,0,0,0,-1,0,-1,0,-1,-1,29,-1,0,-1,-1,36,-1,0,36,-1,0,0,0,1,"http://davidcourtemarche.com/image/",7,7.25,0,0,0,0,0,0,-1,-1,0,-1,-1,1,0,"http://davidcourtemarche.com/image/",0,2017-11-29 16:07:19.159436,-1,-1,-1,-1,-1,-1,0,0,0,-1,-1,1,0,-1,-1,0,-1,0,"com/image/",-1,-1,0,-1,0,0,4,0,0,-1,29,-1,17,-1,"http://davidcourtemarche.com/image/",-1,-1,-1,-1,0,0
-1,9.842105263157896,"http://postesecurelogin.posta.it.bancaposta.foo-autenticazione.iamuiemulta.for-our.info/hescientiststravelled/ontworesearchvessels/almostkilometresfrom/ichangtothenearbyhree/loginfilea/foo-autenticazione.php",domain,19,0,0,0,0,-1,0,[],0,0,0,0,-1,0,21,0,197,-1,4.2984202456242269,-1,-1,3,0,0,-1,0,-1,1,-1,-1,197,-1,0,-1,-1,208,-1,1,208,-1,0,0,0,8,"http://postesecurelogin.posta.it.bancaposta.foo-autenticazione.iamuiemulta.for-our.info/hescientiststravelled/ontworesearchvessels/almostkilometresfrom/ichangtothenearbyhree/loginfilea/foo-autenticazione.php",21,9.842105263157896,0,0,0,0,0,0,-1,-1,0,-1,-1,1,0,"http://postesecurelogin.posta.it.bancaposta.foo-autenticazione.iamuiemulta.for-our.info/hescientiststravelled/ontworesearchvessels/almostkilometresfrom/ichangtothenearbyhree/loginfilea/foo-autenticazione.php",1,2017-11-29 16:09:28.614710,-1,-1,-1,-1,-1,-1,1,0,0,-1,-1,8,0,-1,-1,0,-1,0,"php",-1,-1,0,-1,0,0,19,0,0,-1,187,-1,21,-1,"http://postesecurelogin.posta.it.bancaposta.foo-autenticazione.iamuiemulta.for-our.info/hescientiststravelled/ontworesearchvessels/almostkilometresfrom/ichangtothenearbyhree/loginfilea/foo-autenticazione.php",-1,-1,-1,-1,0,0
-1,6.0,"https://suspicius-activity.ml/signin/",domain,5,0,0,0,0,-1,0,[],0,0,0,0,-1,0,9,0,34,-1,3.9026797376866442,-1,-1,1,0,0,-1,0,-1,0,-1,-1,34,-1,0,-1,-1,38,-1,0,38,-1,0,0,0,1,"https://suspicius-activity.ml/signin/",8,6.0,0,0,0,0,0,0,-1,-1,1,-1,-1,1,0,"https://suspicius-activity.ml/signin/",0,2017-11-29 16:09:29.122855,-1,-1,-1,-1,-1,-1,0,0,0,-1,-1,1,0,-1,-1,0,-1,0,"ml/signin/",-1,-1,0,-1,0,0,5,0,0,-1,30,-1,9,-1,"https://suspicius-activity.ml/signin/",-1,-1,-1,-1,0,1
-1,6.125,"https://ldcpublicschool.com/EserviceMain/irs/ir/index.html",domain,8,0,0,0,0,-1,0,[],0,1,0,0,-1,0,15,0,52,-1,4.3164798630244174,-1,-1,0,0,0,-1,0,-1,0,-1,-1,52,-1,0,-1,-1,59,-1,0,59,-1,0,0,0,2,"https://ldcpublicschool.com/EserviceMain/irs/ir/index.html",10,6.125,0,0,0,0,0,0,-1,-1,0,-1,-1,1,0,"https://ldcpublicschool.com/EserviceMain/irs/ir/index.html",0,2017-11-29 16:11:30.058823,-1,-1,-1,-1,-1,-1,0,0,0,-1,-1,2,0,-1,-1,0,-1,0,"html",-1,-1,0,-1,0,0,8,0,0,-1,49,-1,15,-1,"https://ldcpublicschool.com/EserviceMain/irs/ir/index.html",-1,-1,-1,-1,0,0
-1,5.0,"http://sexoalachilena.cl/Files/mgs/es/",domain,6,0,0,0,0,-1,0,[],0,0,0,0,-1,0,14,0,34,-1,3.945282667413776,-1,-1,0,0,0,-1,0,-1,0,-1,-1,34,-1,0,-1,-1,39,-1,0,39,-1,0,0,0,1,"http://sexoalachilena.cl/Files/mgs/es/",9,5.0,0,0,0,0,0,0,-1,-1,0,-1,-1,1,0,"http://sexoalachilena.cl/Files/mgs/es/",0,2017-11-29 16:13:30.789285,-1,-1,-1,-1,-1,-1,0,0,0,-1,-1,1,0,-1,-1,0,-1,0,"cl/Files/mgs/es/",-1,-1,0,-1,0,0,6,0,0,-1,30,-1,14,-1,"http://sexoalachilena.cl/Files/mgs/es/",-1,-1,-1,-1,0,0
-1,5.0,"http://sexoalachilena.cl/Files/mgs/es",domain,6,0,0,0,0,-1,0,[],0,0,0,0,-1,0,14,0,33,-1,3.9751767772172619,-1,-1,0,0,0,-1,0,-1,0,-1,-1,33,-1,0,-1,-1,38,-1,0,38,-1,0,0,0,1,"http://sexoalachilena.cl/Files/mgs/es",8,5.0,0,0,0,0,0,0,-1,-1,0,-1,-1,1,0,"http://sexoalachilena.cl/Files/mgs/es",0,2017-11-29 16:15:31.686824,-1,-1,-1,-1,-1,-1,0,0,0,-1,-1,1,0,-1,-1,0,-1,0,"cl/Files/mgs/es",-1,-1,0,-1,0,0,6,0,0,-1,30,-1,14,-1,"http://sexoalachilena.cl/Files/mgs/es",-1,-1,-1,-1,0,0
-1,6.125,"http://paypal.com.webbapps-limited-resolve-account-support.com.resolveaccountlimited.igg.biz/mpp/signin/e4f9/websrc",domain,16,0,0,0,0,-1,0,[],0,2,0,0,-1,0,21,0,107,-1,4.540040263836282,-1,-1,4,0,0,-1,0,-1,0,-1,-1,107,-1,0,-1,-1,116,-1,0,116,-1,0,0,0,6,"http://paypal.com.webbapps-limited-resolve-account-support.com.resolveaccountlimited.igg.biz/mpp/signin/e4f9/websrc",18,6.125,0,0,0,0,0,0,-1,-1,1,-1,-1,1,0,"http://paypal.com.webbapps-limited-resolve-account-support.com.resolveaccountlimited.igg.biz/mpp/signin/e4f9/websrc",0,2017-11-29 16:17:32.556564,-1,-1,-1,-1,-1,-1,0,0,0,-1,-1,6,0,-1,-1,0,-1,0,"biz/mpp/signin/e4f9/websrc",-1,-1,2,-1,0,0,16,0,1,-1,96,-1,21,-1,"http://paypal.com.webbapps-limited-resolve-account-support.com.resolveaccountlimited.igg.biz/mpp/signin/e4f9/websrc",-1,-1,-1,-1,0,0
-1,15.5,"http://autotechservices.ie/ac/s/b61acb8eeb8e24e9cf884836fa2fb49a/login.php?cmd=login_submit&id=15a309b8c0991f0a61f22462265c79e015a309b8c0991f0a61f22462265c79e0&session=15a309b8c0991f0a61f22462265c79e015a309b8c0991f0a61f22462265c79e0",domain,14,0,0,0,0,-1,0,[],0,0,0,0,-1,0,64,0,225,-1,4.7274657839973075,-1,-1,0,0,0,-1,0,-1,0,-1,-1,225,-1,0,-1,-1,233,-1,0,233,-1,0,0,0,2,"http://autotechservices.ie/ac/s/b61acb8eeb8e24e9cf884836fa2fb49a/login.php?cmd=login_submit&id=15a309b8c0991f0a61f22462265c79e015a309b8c0991f0a61f22462265c79e0&session=15a309b8c0991f0a61f22462265c79e015a309b8c0991f0a61f22462265c79e0",17,15.5,0,0,0,0,0,0,-1,-1,0,-1,-1,1,0,"http://autotechservices.ie/ac/s/b61acb8eeb8e24e9cf884836fa2fb49a/login.php?cmd=login_submit&id=15a309b8c0991f0a61f22462265c79e015a309b8c0991f0a61f22462265c79e0&session=15a309b8c0991f0a61f22462265c79e015a309b8c0991f0a61f22462265c79e0",1,2017-11-29 16:19:33.594824,-1,-1,-1,-1,-1,-1,0,0,0,-1,-1,2,0,-1,-1,0,-1,0,"php?cmd=login_submit&id=15a309b8c0991f0a61f22462265c79e015a309b8c0991f0a61f22462265c79e0&session=15a309b8c0991f0a61f22462265c79e015a309b8c0991f0a61f22462265c79e0",-1,-1,112,-1,0,0,14,0,0,-1,104,-1,64,-1,"http://autotechservices.ie/ac/s/b61acb8eeb8e24e9cf884836fa2fb49a/login.php?cmd=login_submit&id=15a309b8c0991f0a61f22462265c79e015a309b8c0991f0a61f22462265c79e0&session=15a309b8c0991f0a61f22462265c79e015a309b8c0991f0a61f22462265c79e0",-1,-1,-1,-1,0,0
-1,4.666666666666667,"http://pbgirls.info/spike/index.htm",domain,6,0,0,0,0,-1,0,[],0,0,0,0,-1,0,7,0,30,-1,4.1835423624332302,-1,-1,0,0,0,-1,0,-1,0,-1,-1,30,-1,0,-1,-1,36,-1,1,36,-1,0,0,0,2,"http://pbgirls.info/spike/index.htm",8,4.666666666666667,0,0,0,0,0,0,-1,-1,0,-1,-1,1,0,"http://pbgirls.info/spike/index.htm",0,2017-11-29 16:19:34.516337,-1,-1,-1,-1,-1,-1,0,0,0,-1,-1,2,0,-1,-1,0,-1,0,"htm",-1,-1,0,-1,0,0,6,0,0,-1,28,-1,7,-1,"http://pbgirls.info/spike/index.htm",-1,-1,-1,-1,0,0
-1,5.75,"http://ideabulkinop.com/care/",domain,4,0,0,0,0,-1,0,[],0,1,0,0,-1,0,12,0,23,-1,4.1735572622751844,-1,-1,0,0,0,-1,0,-1,0,-1,-1,23,-1,0,-1,-1,30,-1,0,30,-1,0,0,0,1,"http://ideabulkinop.com/care/",7,5.75,0,0,0,0,0,0,-1,-1,0,-1,-1,1,0,"http://ideabulkinop.com/care/",0,2017-11-29 16:21:35.349698,-1,-1,-1,-1,-1,-1,0,0,0,-1,-1,1,0,-1,-1,0,-1,0,"com/care/",-1,-1,0,-1,0,0,4,0,0,-1,23,-1,12,-1,"http://ideabulkinop.com/care/",-1,-1,-1,-1,0,0
-1,5.578947368421052,"http://allegro.pl.showsproduct.pl/produkt/lego-mindstorms-ev-3-rezerwacja-1035-nowy-dziecko-zabawki-klocki-lego?item=621474126",domain,19,0,0,0,0,-1,0,[],0,0,0,0,-1,0,12,0,118,-1,4.8995303893755597,-1,-1,10,0,0,-1,1,-1,0,-1,-1,118,-1,0,-1,-1,127,-1,0,127,-1,0,0,0,3,"http://allegro.pl.showsproduct.pl/produkt/lego-mindstorms-ev-3-rezerwacja-1035-nowy-dziecko-zabawki-klocki-lego?item=621474126",21,5.578947368421052,0,0,0,0,0,0,-1,-1,0,-1,-1,1,0,"http://allegro.pl.showsproduct.pl/produkt/lego-mindstorms-ev-3-rezerwacja-1035-nowy-dziecko-zabawki-klocki-lego?item=621474126",0,2017-11-29 16:23:36.300803,-1,-1,-1,-1,-1,-1,0,0,0,-1,-1,3,0,-1,-1,0,-1,0,"pl/produkt/lego-mindstorms-ev-3-rezerwacja-1035-nowy-dziecko-zabawki-klocki-lego?item=621474126",-1,-1,14,-1,0,0,19,0,0,-1,92,-1,12,-1,"http://allegro.pl.showsproduct.pl/produkt/lego-mindstorms-ev-3-rezerwacja-1035-nowy-dziecko-zabawki-klocki-lego?item=621474126",-1,-1,-1,-1,0,0
-1,12.736842105263158,"http://postesecurelogin.posta.it.bancaposta.foo-autenticazione.wc3ma3mw4htzrzt4l8lowrg02isjgem9qm14znw78low5hy3tmoajosawlk4.iacucu.homedns.org/hescientiststravelled/ontworesearchvessels/almostkilometresfrom/ichangtothenearbyhree/loginfilea/foo-autenticazione.php",domain,19,0,0,0,0,-1,0,[],0,0,0,0,-1,0,60,0,252,-1,4.6700872828016466,-1,-1,2,0,0,-1,0,-1,1,-1,-1,252,-1,0,-1,-1,263,-1,0,263,-1,0,0,0,9,"http://postesecurelogin.posta.it.bancaposta.foo-autenticazione.wc3ma3mw4htzrzt4l8lowrg02isjgem9qm14znw78low5hy3tmoajosawlk4.iacucu.homedns.org/hescientiststravelled/ontworesearchvessels/almostkilometresfrom/ichangtothenearbyhree/loginfilea/foo-autenticazione.php",21,12.736842105263158,0,0,1,0,0,0,-1,-1,0,-1,-1,1,0,"http://postesecurelogin.posta.it.bancaposta.foo-autenticazione.wc3ma3mw4htzrzt4l8lowrg02isjgem9qm14znw78low5hy3tmoajosawlk4.iacucu.homedns.org/hescientiststravelled/ontworesearchvessels/almostkilometresfrom/ichangtothenearbyhree/loginfilea/foo-autenticazione.php",1,2017-11-29 16:34:44.234196,-1,-1,-1,-1,-1,-1,1,0,0,-1,-1,9,0,-1,-1,0,-1,0,"php",-1,-1,15,-1,0,0,19,0,0,-1,227,-1,60,-1,"http://postesecurelogin.posta.it.bancaposta.foo-autenticazione.wc3ma3mw4htzrzt4l8lowrg02isjgem9qm14znw78low5hy3tmoajosawlk4.iacucu.homedns.org/hescientiststravelled/ontworesearchvessels/almostkilometresfrom/ichangtothenearbyhree/loginfilea/foo-autenticazione.php",-1,-1,-1,-1,0,0
-1,12.736842105263158,"http://postesecurelogin.posta.it.bancaposta.foo-autenticazione.yne1fkxjxuaqgk3bdiywtjea1nwufefuraknk9xhsxyp9qqbzeyio3ifg6zm.iacucu.homedns.org/hescientiststravelled/ontworesearchvessels/almostkilometresfrom/ichangtothenearbyhree/loginfilea/foo-autenticazione.php",domain,19,0,0,0,0,-1,0,[],0,0,0,0,-1,0,60,0,252,-1,4.6668330026681453,-1,-1,2,0,0,-1,0,-1,1,-1,-1,252,-1,0,-1,-1,263,-1,0,263,-1,0,0,0,9,"http://postesecurelogin.posta.it.bancaposta.foo-autenticazione.yne1fkxjxuaqgk3bdiywtjea1nwufefuraknk9xhsxyp9qqbzeyio3ifg6zm.iacucu.homedns.org/hescientiststravelled/ontworesearchvessels/almostkilometresfrom/ichangtothenearbyhree/loginfilea/foo-autenticazione.php",21,12.736842105263158,0,0,1,0,0,0,-1,-1,0,-1,-1,1,0,"http://postesecurelogin.posta.it.bancaposta.foo-autenticazione.yne1fkxjxuaqgk3bdiywtjea1nwufefuraknk9xhsxyp9qqbzeyio3ifg6zm.iacucu.homedns.org/hescientiststravelled/ontworesearchvessels/almostkilometresfrom/ichangtothenearbyhree/loginfilea/foo-autenticazione.php",1,2017-11-29 16:45:57.896231,-1,-1,-1,-1,-1,-1,1,0,0,-1,-1,9,0,-1,-1,0,-1,0,"php",-1,-1,7,-1,0,0,19,0,0,-1,235,-1,60,-1,"http://postesecurelogin.posta.it.bancaposta.foo-autenticazione.yne1fkxjxuaqgk3bdiywtjea1nwufefuraknk9xhsxyp9qqbzeyio3ifg6zm.iacucu.homedns.org/hescientiststravelled/ontworesearchvessels/almostkilometresfrom/ichangtothenearbyhree/loginfilea/foo-autenticazione.php",-1,-1,-1,-1,0,0
-1,4.333333333333333,"http://order1666.esy.es/index.php",domain,6,0,0,0,0,-1,0,[],0,0,0,0,-1,0,9,0,31,-1,3.9986525468781666,-1,-1,0,0,2,-1,0,-1,0,-1,-1,31,-1,0,-1,-1,34,-1,0,34,-1,0,0,0,3,"http://order1666.esy.es/index.php",8,4.333333333333333,0,0,0,0,0,0,-1,-1,0,-1,-1,1,0,"http://order1666.esy.es/index.php",0,2017-11-29 16:45:59.174988,-1,-1,-1,-1,-1,-1,0,0,0,-1,-1,3,0,-1,-1,0,-1,0,"php",-1,-1,4,-1,0,0,6,0,0,-1,22,-1,9,-1,"http://order1666.esy.es/index.php",-1,-1,-1,-1,0,0
-1,6.25,"http://shyamagroproducts.com/EserviceMain/irs/ir/index.html",domain,8,0,0,0,0,-1,0,[],0,1,0,0,-1,0,17,0,52,-1,4.3859175795054961,-1,-1,0,0,0,-1,1,-1,0,-1,-1,52,-1,0,-1,-1,60,-1,0,60,-1,0,0,0,2,"http://shyamagroproducts.com/EserviceMain/irs/ir/index.html",10,6.25,0,0,0,0,0,0,-1,-1,0,-1,-1,1,0,"http://shyamagroproducts.com/EserviceMain/irs/ir/index.html",0,2017-11-29 16:47:59.714124,-1,-1,-1,-1,-1,-1,0,0,0,-1,-1,2,0,-1,-1,0,-1,0,"html",-1,-1,0,-1,0,0,8,0,0,-1,50,-1,17,-1,"http://shyamagroproducts.com/EserviceMain/irs/ir/index.html",-1,-1,-1,-1,0,0
-1,5.6,"https://aryasaudtan.co.id/HAT03802/",domain,5,0,0,0,0,-1,0,[],0,0,0,0,-1,0,11,0,31,-1,4.3711781263822154,-1,-1,0,0,0,-1,0,-1,0,-1,-1,31,-1,0,-1,-1,36,-1,0,36,-1,0,0,0,2,"https://aryasaudtan.co.id/HAT03802/",8,5.6,0,0,0,0,0,0,-1,-1,0,-1,-1,1,0,"https://aryasaudtan.co.id/HAT03802/",0,2017-11-29 16:50:01.038293,-1,-1,-1,-1,-1,-1,0,0,0,-1,-1,2,0,-1,-1,0,-1,0,"id/HAT03802/",-1,-1,5,-1,0,0,5,0,0,-1,23,-1,11,-1,"https://aryasaudtan.co.id/HAT03802/",-1,-1,-1,-1,0,0
-1,8.1,"http://paypal.com.security.manageaccountresolutionunusualactivity.co.vu/webapps/a0e46/websrc",domain,10,0,0,0,0,-1,0,[],0,1,0,0,-1,0,38,0,86,-1,4.3960790448801612,-1,-1,0,0,0,-1,0,-1,0,-1,-1,86,-1,0,1,-1,93,-1,0,93,-1,0,0,0,5,"http://paypal.com.security.manageaccountresolutionunusualactivity.co.vu/webapps/a0e46/websrc",12,8.1,0,0,0,0,0,0,-1,-1,0,-1,-1,1,0,"http://paypal.com.security.manageaccountresolutionunusualactivity.co.vu/webapps/a0e46/websrc",0,2017-11-29 16:52:02.327679,-1,-1,-1,-1,-1,-1,0,0,0,-1,22544,5,0,-1,-1,0,-1,0,"vu/webapps/a0e46/websrc",14941,-1,3,-1,0,0,10,0,1,-1,78,-1,38,-1,"http://paypal.com.security.manageaccountresolutionunusualactivity.co.vu/webapps/a0e46/websrc",-1,-1,-1,-1,0,0
-1,9.0,"https://mrsannchan.wixsite.com/webwapkaportalupdate",domain,5,0,0,0,0,-1,0,[],0,1,0,0,-1,0,20,0,46,-1,4.2986348529568401,-1,-1,0,0,0,-1,0,-1,0,-1,-1,46,-1,0,1,-1,52,-1,0,52,-1,0,0,0,2,"https://mrsannchan.wixsite.com/webwapkaportalupdate",7,9.0,0,0,0,0,0,0,-1,-1,0,-1,-1,1,0,"https://mrsannchan.wixsite.com/webwapkaportalupdate",0,2017-11-29 16:54:03.426413,-1,-1,-1,-1,-1,-1,0,0,0,-1,426,2,0,-1,-1,0,-1,0,"com/webwapkaportalupdate",764,-1,0,-1,0,0,5,0,0,-1,45,-1,20,-1,"https://mrsannchan.wixsite.com/webwapkaportalupdate",-1,-1,-1,-1,0,0
-1,5.6,"http://dietafinanciera.org/vei.php",domain,5,0,0,0,0,-1,0,[],0,0,0,0,-1,0,15,0,30,-1,3.9928705166358993,-1,-1,0,0,0,-1,0,-1,0,-1,-1,30,-1,0,-1,-1,35,-1,0,35,-1,0,0,0,2,"http://dietafinanciera.org/vei.php",7,5.6,0,0,1,0,0,0,-1,-1,0,-1,-1,1,0,"http://dietafinanciera.org/vei.php",0,2017-11-29 16:56:04.049781,-1,-1,-1,-1,-1,-1,0,0,0,-1,-1,2,0,-1,-1,0,-1,0,"php",-1,-1,0,-1,0,0,5,0,0,-1,28,-1,15,-1,"http://dietafinanciera.org/vei.php",-1,-1,-1,-1,0,0
-1,5.086956521739131,"https://services.runescape.com-thread.ws/m=forum/forums.ws762,115,111,29945236,2http://REGIONS-support-UPDATING2.hol.es/en/Home/SignOnID=/public/",domain,23,0,0,0,0,-1,0,[],0,1,0,0,-1,0,9,0,138,-1,5.2115014613193082,-1,-1,3,0,1,-1,0,-1,0,-1,-1,138,-1,0,-1,-1,146,-1,0,146,-1,0,0,0,6,"https://services.runescape.com-thread.ws/m=forum/forums.ws762,115,111,29945236,2http://REGIONS-support-UPDATING2.hol.es/en/Home/SignOnID=/public/",29,5.086956521739131,0,0,0,0,0,0,-1,-1,0,-1,-1,2,0,"https://services.runescape.com-thread.ws/m=forum/forums.ws762,115,111,29945236,2http://REGIONS-support-UPDATING2.hol.es/en/Home/SignOnID=/public/",0,2017-11-29 16:58:05.399806,-1,-1,-1,-1,-1,-1,0,0,0,-1,-1,6,0,-1,-1,0,-1,0,"es/en/Home/SignOnID=/public/",-1,-1,19,-1,0,0,23,0,0,-1,98,-1,9,-1,"https://services.runescape.com-thread.ws/m=forum/forums.ws762,115,111,29945236,2http://REGIONS-support-UPDATING2.hol.es/en/Home/SignOnID=/public/",-1,-1,-1,-1,0,0
-1,2.6,"http://45.32.164.87/",domain,5,0,0,0,1,-1,0,[],0,0,0,0,-1,0,4,0,19,-1,3.748994803525096,-1,-1,0,0,0,-1,0,-1,0,-1,-1,19,-1,0,-1,-1,21,-1,0,21,-1,0,0,0,3,"http://45.32.164.87/",8,2.6,0,0,0,0,0,0,-1,-1,0,-1,-1,1,0,"http://45.32.164.87/",0,2017-11-29 17:00:06.431101,-1,-1,-1,-1,-1,-1,0,0,0,-1,-1,3,0,-1,-1,0,-1,0,"87/",-1,-1,9,-1,0,0,5,0,0,-1,4,-1,4,-1,"http://45.32.164.87/",-1,-1,-1,-1,0,0
-1,5.8,"http://allbesthotels.com/filee/html/",domain,5,0,0,0,0,-1,0,[],0,1,0,0,-1,0,13,0,31,-1,3.7612423135891149,-1,-1,0,0,0,-1,0,-1,0,-1,-1,31,-1,0,-1,-1,37,-1,0,37,-1,0,0,0,1,"http://allbesthotels.com/filee/html/",8,5.8,0,0,0,0,0,0,-1,-1,0,-1,-1,1,0,"http://allbesthotels.com/filee/html/",0,2017-11-29 17:02:07.469371,-1,-1,-1,-1,-1,-1,0,0,0,-1,-1,1,0,-1,-1,0,-1,0,"com/filee/html/",-1,-1,0,-1,0,0,5,0,0,-1,29,-1,13,-1,"http://allbesthotels.com/filee/html/",-1,-1,-1,-1,0,0
-1,7.4,"http://allbesthotels.com/GOOGLENEWW/GOOGLENEWW/GOOGLENEW/realestateseller/doc/work/ec/",domain,10,0,0,0,0,-1,0,[],0,1,0,0,-1,0,16,0,81,-1,4.2802741400353668,-1,-1,0,0,0,-1,0,-1,0,-1,-1,81,-1,0,-1,-1,87,-1,0,87,-1,0,0,0,1,"http://allbesthotels.com/GOOGLENEWW/GOOGLENEWW/GOOGLENEW/realestateseller/doc/work/ec/",13,7.4,0,0,0,0,0,0,-1,-1,0,-1,-1,1,0,"http://allbesthotels.com/GOOGLENEWW/GOOGLENEWW/GOOGLENEW/realestateseller/doc/work/ec/",0,2017-11-29 17:04:08.055757,-1,-1,-1,-1,-1,-1,0,0,0,-1,-1,1,0,-1,-1,0,-1,0,"com/GOOGLENEWW/GOOGLENEWW/GOOGLENEW/realestateseller/doc/work/ec/",-1,-1,0,-1,0,0,10,0,0,-1,74,-1,16,-1,"http://allbesthotels.com/GOOGLENEWW/GOOGLENEWW/GOOGLENEW/realestateseller/doc/work/ec/",-1,-1,-1,-1,0,0
-1,4.0,"http://www.p-appie-strores-com.nut.cc/webapps/92362/",domain,10,0,0,0,0,-1,0,[],0,0,0,0,-1,0,7,0,46,-1,4.3148288887220465,-1,-1,3,0,0,-1,0,-1,0,-1,-1,46,-1,0,1,-1,53,-1,0,53,-1,0,0,0,3,"http://www.p-appie-strores-com.nut.cc/webapps/92362/",13,4.0,0,0,0,1,0,0,-1,-1,0,-1,-1,1,0,"http://www.p-appie-strores-com.nut.cc/webapps/92362/",0,2017-11-29 17:04:08.615436,-1,-1,-1,-1,-1,-1,0,0,0,-1,220540,3,0,-1,-1,0,-1,1,"cc/webapps/92362/",35249,-1,5,-1,0,0,10,0,0,-1,35,-1,7,-1,"http://www.p-appie-strores-com.nut.cc/webapps/92362/",-1,-1,-1,-1,0,0
-1,7.166666666666667,"http://servy11secccu865170r.wapka.mobi/index.xhtml",domain,6,0,0,0,0,-1,0,[],0,0,0,0,-1,0,20,0,46,-1,4.7993013221091267,-1,-1,0,0,0,-1,0,-1,0,-1,-1,46,-1,0,-1,-1,51,-1,0,51,-1,0,0,0,3,"http://servy11secccu865170r.wapka.mobi/index.xhtml",8,7.166666666666667,0,0,0,0,0,0,-1,-1,0,-1,-1,1,0,"http://servy11secccu865170r.wapka.mobi/index.xhtml",0,2017-11-29 17:06:09.854158,-1,-1,-1,-1,-1,-1,0,0,0,-1,-1,3,0,-1,-1,0,-1,0,"xhtml",-1,-1,8,-1,0,0,6,0,0,-1,35,-1,20,-1,"http://servy11secccu865170r.wapka.mobi/index.xhtml",-1,-1,-1,-1,0,0
-1,5.5,"http://helpdesk89.wapka.mobi/index.xhtml",domain,6,0,0,0,0,-1,0,[],0,0,0,0,-1,0,10,0,36,-1,4.3202513945453811,-1,-1,0,0,0,-1,0,-1,0,-1,-1,36,-1,0,-1,-1,41,-1,0,41,-1,0,0,0,3,"http://helpdesk89.wapka.mobi/index.xhtml",8,5.5,0,0,0,0,0,0,-1,-1,0,-1,-1,1,0,"http://helpdesk89.wapka.mobi/index.xhtml",0,2017-11-29 17:08:11.197856,-1,-1,-1,-1,-1,-1,0,0,0,-1,-1,3,0,-1,-1,0,-1,0,"xhtml",-1,-1,2,-1,0,0,6,0,0,-1,31,-1,10,-1,"http://helpdesk89.wapka.mobi/index.xhtml",-1,-1,-1,-1,0,0
-1,16.384615384615383,"http://afloorcarpettiles.co.uk/skin/aZAZDSFSDFSd06s6s4d6fsdfghjdsf/06f65sd06fsd04sdf/06sdf465sd4fsdhjgfsdhgfs/zezedsds6d0f464fdsfjygsd/sdfsdf60546sd4fsdfsd/nabib/87819f7f3d4fc338a15efa7232c62e98/2182cb02e28c04d7e2a2d5f1c46ac213/",domain,13,0,0,0,0,-1,0,[],0,0,0,0,-1,0,32,0,223,-1,4.7197236281899126,-1,-1,0,0,0,-1,0,-1,0,-1,-1,223,-1,0,1,-1,229,-1,0,229,-1,0,0,0,2,"http://afloorcarpettiles.co.uk/skin/aZAZDSFSDFSd06s6s4d6fsdfghjdsf/06f65sd06fsd04sdf/06sdf465sd4fsdhjgfsdhgfs/zezedsds6d0f464fdsfjygsd/sdfsdf60546sd4fsdfsd/nabib/87819f7f3d4fc338a15efa7232c62e98/2182cb02e28c04d7e2a2d5f1c46ac213/",16,16.384615384615383,0,0,0,0,0,0,-1,-1,0,-1,-1,1,0,"http://afloorcarpettiles.co.uk/skin/aZAZDSFSDFSd06s6s4d6fsdfghjdsf/06f65sd06fsd04sdf/06sdf465sd4fsdhjgfsdhgfs/zezedsds6d0f464fdsfjygsd/sdfsdf60546sd4fsdfsd/nabib/87819f7f3d4fc338a15efa7232c62e98/2182cb02e28c04d7e2a2d5f1c46ac213/",0,2017-11-29 17:10:12.012381,-1,-1,-1,-1,-1,-1,0,0,0,-1,8540231,2,0,-1,-1,0,-1,0,"uk/skin/aZAZDSFSDFSd06s6s4d6fsdfghjdsf/06f65sd06fsd04sdf/06sdf465sd4fsdhjgfsdhgfs/zezedsds6d0f464fdsfjygsd/sdfsdf60546sd4fsdfsd/nabib/87819f7f3d4fc338a15efa7232c62e98/2182cb02e28c04d7e2a2d5f1c46ac213/",-1,-1,71,-1,0,0,13,0,0,-1,142,-1,32,-1,"http://afloorcarpettiles.co.uk/skin/aZAZDSFSDFSd06s6s4d6fsdfghjdsf/06f65sd06fsd04sdf/06sdf465sd4fsdhjgfsdhgfs/zezedsds6d0f464fdsfjygsd/sdfsdf60546sd4fsdfsd/nabib/87819f7f3d4fc338a15efa7232c62e98/2182cb02e28c04d7e2a2d5f1c46ac213/",-1,-1,-1,-1,0,0
-1,13.545454545454545,"http://afloorcarpettiles.co.uk/skin/aZAZDSFSDFSd06s6s4d6fsdfghjdsf/06f65sd06fsd04sdf/06sdf465sd4fsdhjgfsdhgfs/zezedsds6d0f464fdsfjygsd/sdfsdf60546sd4fsdfsd/nabib/",domain,11,0,0,0,0,-1,0,[],0,0,0,0,-1,0,30,0,157,-1,4.4100533455416606,-1,-1,0,0,0,-1,0,-1,0,-1,-1,157,-1,0,1,-1,163,-1,0,163,-1,0,0,0,2,"http://afloorcarpettiles.co.uk/skin/aZAZDSFSDFSd06s6s4d6fsdfghjdsf/06f65sd06fsd04sdf/06sdf465sd4fsdhjgfsdhgfs/zezedsds6d0f464fdsfjygsd/sdfsdf60546sd4fsdfsd/nabib/",14,13.545454545454545,0,0,0,0,0,0,-1,-1,0,-1,-1,1,0,"http://afloorcarpettiles.co.uk/skin/aZAZDSFSDFSd06s6s4d6fsdfghjdsf/06f65sd06fsd04sdf/06sdf465sd4fsdhjgfsdhgfs/zezedsds6d0f464fdsfjygsd/sdfsdf60546sd4fsdfsd/nabib/",0,2017-11-29 17:10:12.814769,-1,-1,-1,-1,-1,-1,0,0,0,-1,8540231,2,0,-1,-1,0,-1,0,"uk/skin/aZAZDSFSDFSd06s6s4d6fsdfghjdsf/06f65sd06fsd04sdf/06sdf465sd4fsdhjgfsdhgfs/zezedsds6d0f464fdsfjygsd/sdfsdf60546sd4fsdfsd/nabib/",-1,-1,30,-1,0,0,11,0,0,-1,119,-1,30,-1,"http://afloorcarpettiles.co.uk/skin/aZAZDSFSDFSd06s6s4d6fsdfghjdsf/06f65sd06fsd04sdf/06sdf465sd4fsdhjgfsdhgfs/zezedsds6d0f464fdsfjygsd/sdfsdf60546sd4fsdfsd/nabib/",-1,-1,-1,-1,0,0
-1,3.625,"http://ach.id/aa/office365/i/index.php",domain,8,0,0,0,0,-1,0,[],0,0,0,0,-1,0,9,0,35,-1,4.0091345903797526,-1,-1,0,0,0,-1,0,-1,0,-1,-1,35,-1,0,1,-1,39,-1,0,39,-1,0,0,0,2,"http://ach.id/aa/office365/i/index.php",10,3.625,0,0,0,0,0,0,-1,-1,0,-1,-1,1,0,"http://ach.id/aa/office365/i/index.php",0,2017-11-29 17:10:13.463645,-1,-1,-1,-1,-1,-1,0,0,0,-1,16228926,2,0,-1,-1,0,-1,0,"php",-1,-1,3,-1,0,0,8,0,0,-1,26,-1,9,-1,"http://ach.id/aa/office365/i/index.php",-1,-1,-1,-1,0,0
-1,4.75,"http://privcy2508.esy.es/",domain,4,0,0,0,0,-1,0,[],0,0,0,0,-1,0,10,0,22,-1,4.056020968057882,-1,-1,0,0,2,-1,0,-1,0,-1,-1,22,-1,0,-1,-1,26,-1,0,26,-1,0,0,0,2,"http://privcy2508.esy.es/",7,4.75,0,0,0,0,0,0,-1,-1,0,-1,-1,1,0,"http://privcy2508.esy.es/",0,2017-11-29 17:12:14.030235,-1,-1,-1,-1,-1,-1,0,0,0,-1,-1,2,0,-1,-1,0,-1,0,"es/",-1,-1,4,-1,0,0,4,0,0,-1,15,-1,10,-1,"http://privcy2508.esy.es/",-1,-1,-1,-1,0,0
-1,6.125,"http://paypal.com.webbapps-limited-resolve-account-support.com.resolveaccountlimited.igg.biz/mpp/signin/2ee9/websrc",domain,16,0,0,0,0,-1,0,[],0,2,0,0,-1,0,21,0,107,-1,4.4996096092165168,-1,-1,4,0,0,-1,0,-1,0,-1,-1,107,-1,0,-1,-1,116,-1,0,116,-1,0,0,0,6,"http://paypal.com.webbapps-limited-resolve-account-support.com.resolveaccountlimited.igg.biz/mpp/signin/2ee9/websrc",18,6.125,0,0,0,0,0,0,-1,-1,1,-1,-1,1,0,"http://paypal.com.webbapps-limited-resolve-account-support.com.resolveaccountlimited.igg.biz/mpp/signin/2ee9/websrc",0,2017-11-29 17:14:15.125094,-1,-1,-1,-1,-1,-1,0,0,0,-1,-1,6,0,-1,-1,0,-1,0,"biz/mpp/signin/2ee9/websrc",-1,-1,2,-1,0,0,16,0,1,-1,96,-1,21,-1,"http://paypal.com.webbapps-limited-resolve-account-support.com.resolveaccountlimited.igg.biz/mpp/signin/2ee9/websrc",-1,-1,-1,-1,0,0
-1,6.0,"http://freepetrepair.com/docs/",domain,4,0,0,0,0,-1,0,[],0,1,0,0,-1,0,13,0,24,-1,3.8488846166291197,-1,-1,0,0,0,-1,0,-1,0,-1,-1,24,-1,0,-1,-1,31,-1,0,31,-1,0,0,0,1,"http://freepetrepair.com/docs/",7,6.0,0,0,0,0,0,0,-1,-1,0,-1,-1,1,0,"http://freepetrepair.com/docs/",0,2017-11-29 17:16:15.950524,-1,-1,-1,-1,-1,-1,0,0,0,-1,-1,1,0,-1,-1,0,-1,0,"com/docs/",-1,-1,0,-1,0,0,4,0,0,-1,24,-1,13,-1,"http://freepetrepair.com/docs/",-1,-1,-1,-1,0,0
-1,4.8,"http://sh210066.website.pl/oem/",domain,5,0,0,0,0,-1,0,[],0,0,0,0,-1,0,8,0,28,-1,4.0778195311147831,-1,-1,0,0,0,-1,0,-1,0,-1,-1,28,-1,0,1,-1,32,-1,0,32,-1,0,0,0,2,"http://sh210066.website.pl/oem/",8,4.8,0,0,0,0,0,0,-1,-1,0,-1,-1,1,0,"http://sh210066.website.pl/oem/",0,2017-11-29 17:18:16.999202,-1,-1,-1,-1,-1,-1,0,0,0,-1,381899,2,0,-1,-1,0,-1,0,"pl/oem/",10684,-1,6,-1,0,0,5,0,0,-1,18,-1,8,-1,"http://sh210066.website.pl/oem/",-1,-1,-1,-1,0,0
-1,6.125,"http://paypal.com.webbapps-limited-resolve-account-support.com.resolveaccountlimited.igg.biz/mpp/signin/2a5e/websrc",domain,16,0,0,0,0,-1,0,[],0,2,0,0,-1,0,21,0,107,-1,4.5064184144406774,-1,-1,4,0,0,-1,0,-1,0,-1,-1,107,-1,0,-1,-1,116,-1,0,116,-1,0,0,0,6,"http://paypal.com.webbapps-limited-resolve-account-support.com.resolveaccountlimited.igg.biz/mpp/signin/2a5e/websrc",18,6.125,0,0,0,0,0,0,-1,-1,1,-1,-1,1,0,"http://paypal.com.webbapps-limited-resolve-account-support.com.resolveaccountlimited.igg.biz/mpp/signin/2a5e/websrc",0,2017-11-29 17:20:18.289482,-1,-1,-1,-1,-1,-1,0,0,0,-1,-1,6,0,-1,-1,0,-1,0,"biz/mpp/signin/2a5e/websrc",-1,-1,2,-1,0,0,16,0,1,-1,96,-1,21,-1,"http://paypal.com.webbapps-limited-resolve-account-support.com.resolveaccountlimited.igg.biz/mpp/signin/2a5e/websrc",-1,-1,-1,-1,0,0
-1,4.0,"http://bit.ly/2mFqbvd",domain,4,0,0,0,0,-1,0,[],0,0,0,0,-1,0,7,0,19,-1,3.9362600275315272,-1,-1,0,0,0,-1,0,-1,0,-1,-1,19,-1,0,1,-1,22,-1,0,22,-1,0,0,0,1,"http://bit.ly/2mFqbvd",6,4.0,0,0,0,0,0,0,-1,-1,0,-1,-1,1,0,"http://bit.ly/2mFqbvd",0,2017-11-29 17:22:19.382008,-1,-1,-1,-1,-1,-1,0,0,0,-1,10571,1,0,-1,-1,0,-1,0,"ly/2mFqbvd",12179,-1,1,-1,0,0,4,0,0,-1,15,-1,7,-1,"http://bit.ly/2mFqbvd",-1,-1,-1,-1,0,0
-1,6.5,"http://www.auntrakies.com/wp-includes/SimplePie/XML/Declaration/Authenticate/",domain,10,0,0,0,0,-1,0,[],0,1,0,0,-1,0,12,0,71,-1,4.4817221304768555,-1,-1,1,0,0,-1,0,-1,0,-1,-1,71,-1,0,-1,-1,78,-1,0,78,-1,0,0,0,2,"http://www.auntrakies.com/wp-includes/SimplePie/XML/Declaration/Authenticate/",13,6.5,0,0,0,1,0,0,-1,-1,0,-1,-1,1,0,"http://www.auntrakies.com/wp-includes/SimplePie/XML/Declaration/Authenticate/",0,2017-11-29 17:24:20.533836,-1,-1,-1,-1,-1,-1,0,0,0,-1,-1,2,0,-1,-1,0,-1,0,"com/wp-includes/SimplePie/XML/Declaration/Authenticate/",-1,-1,0,-1,0,0,10,0,0,-1,65,-1,12,-1,"http://www.auntrakies.com/wp-includes/SimplePie/XML/Declaration/Authenticate/",-1,-1,-1,-1,0,0
-1,4.714285714285714,"http://netflix-gratis.ga/sac/cadastro.php",domain,7,0,0,0,0,-1,0,[],0,0,0,0,-1,0,8,0,36,-1,4.1368637096073178,-1,-1,1,0,0,-1,0,-1,0,-1,-1,36,-1,0,-1,-1,42,-1,0,42,-1,0,0,0,2,"http://netflix-gratis.ga/sac/cadastro.php",9,4.714285714285714,0,1,0,0,0,0,-1,-1,0,-1,-1,1,0,"http://netflix-gratis.ga/sac/cadastro.php",0,2017-11-29 17:26:21.066517,-1,-1,-1,-1,-1,-1,0,0,0,-1,-1,2,0,-1,-1,0,-1,0,"php",-1,-1,0,-1,0,0,7,0,0,-1,33,-1,8,-1,"http://netflix-gratis.ga/sac/cadastro.php",-1,-1,-1,-1,0,0
-1,6.125,"http://paypal.com.webbapps-limited-resolve-account-support.com.resolveaccountlimited.igg.biz/mpp/signin/d258/websrc",domain,16,0,0,0,0,-1,0,[],0,2,0,0,-1,0,21,0,107,-1,4.5553371389295352,-1,-1,4,0,0,-1,0,-1,0,-1,-1,107,-1,0,-1,-1,116,-1,0,116,-1,0,0,0,6,"http://paypal.com.webbapps-limited-resolve-account-support.com.resolveaccountlimited.igg.biz/mpp/signin/d258/websrc",18,6.125,0,0,0,0,0,0,-1,-1,1,-1,-1,1,0,"http://paypal.com.webbapps-limited-resolve-account-support.com.resolveaccountlimited.igg.biz/mpp/signin/d258/websrc",0,2017-11-29 17:28:22.120767,-1,-1,-1,-1,-1,-1,0,0,0,-1,-1,6,0,-1,-1,0,-1,0,"biz/mpp/signin/d258/websrc",-1,-1,3,-1,0,0,16,0,1,-1,95,-1,21,-1,"http://paypal.com.webbapps-limited-resolve-account-support.com.resolveaccountlimited.igg.biz/mpp/signin/d258/websrc",-1,-1,-1,-1,0,0
-1,5.555555555555555,"http://www.cadastro-netflix.duckdns.org/netflix/Netflix.html",domain,9,0,0,0,0,-1,0,[],0,0,0,0,-1,0,8,0,54,-1,4.4727750921604681,-1,-1,1,0,0,-1,0,-1,0,-1,-1,54,-1,0,-1,-1,61,-1,0,61,-1,0,0,0,4,"http://www.cadastro-netflix.duckdns.org/netflix/Netflix.html",11,5.555555555555555,0,0,1,1,0,0,-1,-1,0,-1,-1,1,0,"http://www.cadastro-netflix.duckdns.org/netflix/Netflix.html",0,2017-11-29 17:30:23.331199,-1,-1,-1,-1,-1,-1,0,0,0,-1,-1,4,0,-1,-1,0,-1,0,"html",-1,-1,0,-1,0,0,9,0,0,-1,50,-1,8,-1,"http://www.cadastro-netflix.duckdns.org/netflix/Netflix.html",-1,-1,-1,-1,0,0
-1,6.428571428571429,"https://service.acses-comfirmations.com/webapps/26978/",domain,7,0,0,0,0,-1,0,[],0,1,0,0,-1,0,13,0,47,-1,4.4059280682202129,-1,-1,1,0,0,-1,0,-1,0,-1,-1,47,-1,0,-1,-1,55,-1,0,55,-1,0,0,0,2,"https://service.acses-comfirmations.com/webapps/26978/",10,6.428571428571429,0,0,0,0,0,0,-1,-1,0,-1,-1,1,0,"https://service.acses-comfirmations.com/webapps/26978/",0,2017-11-29 17:32:24.648686,-1,-1,-1,-1,-1,-1,0,0,0,-1,-1,2,0,-1,-1,0,-1,0,"com/webapps/26978/",-1,-1,5,-1,0,0,7,0,0,-1,40,-1,13,-1,"https://service.acses-comfirmations.com/webapps/26978/",-1,-1,-1,-1,0,0
-1,5.714285714285714,"http://www.securityalert.gq/webapps/68cfa/websrc",domain,7,0,0,0,0,-1,0,[],0,0,0,1,-1,0,13,0,44,-1,4.2474911000398823,-1,-1,0,0,0,-1,0,-1,0,-1,-1,44,-1,0,-1,-1,49,-1,0,49,-1,0,0,0,2,"http://www.securityalert.gq/webapps/68cfa/websrc",9,5.714285714285714,0,0,0,1,0,0,-1,-1,0,-1,-1,1,0,"http://www.securityalert.gq/webapps/68cfa/websrc",0,2017-11-29 17:34:25.608350,-1,-1,-1,-1,-1,-1,0,0,0,-1,-1,2,0,-1,-1,0,-1,0,"gq/webapps/68cfa/websrc",-1,-1,2,-1,0,0,7,0,0,-1,38,-1,13,-1,"http://www.securityalert.gq/webapps/68cfa/websrc",-1,-1,-1,-1,0,0
-1,5.916666666666667,"http://www.service.access-information-support.renewal-account.com/signin/7bca/websrc",domain,12,0,0,0,0,-1,0,[],0,1,0,0,-1,0,11,0,76,-1,4.3469605439216377,-1,-1,3,0,0,-1,0,-1,0,-1,-1,76,-1,0,-1,-1,85,-1,0,85,-1,0,0,0,4,"http://www.service.access-information-support.renewal-account.com/signin/7bca/websrc",14,5.916666666666667,0,0,0,1,0,0,-1,-1,1,-1,-1,1,0,"http://www.service.access-information-support.renewal-account.com/signin/7bca/websrc",0,2017-11-29 17:36:26.821241,-1,-1,-1,-1,-1,-1,0,0,0,-1,-1,4,0,-1,-1,0,-1,0,"com/signin/7bca/websrc",-1,-1,1,-1,0,0,12,0,1,-1,70,-1,11,-1,"http://www.service.access-information-support.renewal-account.com/signin/7bca/websrc",-1,-1,-1,-1,0,0
-1,3.25,"http://149.202.17.197/signin/?country.x=US&locale.x=_",domain,12,0,0,0,1,-1,0,[],0,0,0,0,-1,0,7,0,49,-1,4.7942522617759273,-1,-1,0,0,0,-1,0,-1,0,-1,-1,49,-1,0,-1,-1,54,-1,0,54,-1,0,0,0,5,"http://149.202.17.197/signin/?country.x=US&locale.x=_",16,3.25,0,0,0,0,0,0,-1,-1,1,-1,-1,1,0,"http://149.202.17.197/signin/?country.x=US&locale.x=_",0,2017-11-29 17:38:27.655970,-1,-1,-1,-1,-1,-1,0,0,0,-1,-1,5,0,-1,-1,0,-1,0,"x=_",-1,-1,11,-1,0,0,12,0,0,-1,27,-1,7,-1,"http://149.202.17.197/signin/?country.x=US&locale.x=_",-1,-1,-1,-1,0,0
